verified_reviews,feedback
"[""like"",""siri"",""fact"",""siri"",""answer"",""accur"",""alexa"",""t"",""see"",""real"",""need"",""household"",""though"",""good"",""bargain"",""prime"",""day"",""deal""]",0
"[""sound"",""terribl"",""u"",""want"",""good"",""music"",""get"",""bose""]",0
"[""much"",""featur""]",0
"[""stop"",""work"",""2"",""week"",""t"",""follow"",""command"",""realli"",""fun"",""work""]",0
"[""sad"",""joke"",""worthless""]",0
"[""realli"",""disappoint"",""alexa"",""plug"",""wall"",""socket"",""time"",""fault"",""check"",""made"",""assumpt"",""compani"",""technolog"",""advanc"",""amazon"",""sell"",""product"",""recharg"",""batteri"",""return"",""appl"",""music"",""boom"",""speaker"",""give"",""flexibl"",""alexa""]",0
"[""got"",""great"",""sound"",""bass"",""t"",""work"",""time"",""still"",""hot"",""miss"",""recogn"",""thing""]",0
"[""super"",""impress"",""alexa"",""prime"",""laps"",""t"",""play"",""anyth"",""t"",""smart"",""enough"",""differenti"",""among"",""spotifi"",""account"",""t"",""use"",""either"",""random"",""speak"",""nobodi"",""talk"",""just"",""today"",""unplug"",""sure"",""ll"",""ever"",""use"",""alexa""]",0
"[""difficult"",""set"",""keep"",""time"",""enter"",""password""]",0
"[""alexa"",""hard"",""came""]",0
"[""item"",""longer"",""work"",""just"",""5"",""month"",""use"",""will"",""connect"",""wifi"",""unrespons"",""reset"",""request""]",0
"[""thing"",""bare"",""work"",""select"",""3rd"",""parti"",""app"",""stuff"",""think"",""box"",""send"",""mine"",""back"",""asap"",""wast"",""money""]",0
"[""return"",""2"",""echo"",""dot"",""get"",""refund"",""1"",""return"",""2"",""one"",""packag"",""want"",""refund"",""packag"",""see""]",0
"[""work""]",0
"[""echo"",""fan"",""one"",""work""]",0
"[""t"",""alway"",""respond"",""spoken"",""promp"",""word"",""thought"",""connect"",""echo"",""upstair"",""use"",""like"",""intercom"",""t"",""abl""]",0
"[""work"",""month"",""stop"",""tri"",""everyth"",""tri"",""make"",""work"",""noth"",""work"",""want"",""refund""]",0
"[""poor"",""qualiti"",""gave"",""away""]",0
"[""never"",""get"",""work"",""techi"",""friend"",""look"",""said"",""adapt"",""t"",""strong"",""enough"",""power"",""look"",""like"",""bought"",""dollar"",""store"",""go"",""replac"",""adapt"",""hope"",""work""]",0
"[""initi"",""echo"",""dot"",""work"",""veri"",""well"",""time"",""dot"",""stop"",""respond"",""alexa"",""unless"",""within"",""one"",""foot"",""yell"",""echo"",""echo"",""dot"",""room"",""respond"",""without"",""respons"",""echo"",""dot"",""recommend"",""buy"",""refurbish""]",0
"[""bought"",""echo"",""dot"",""refurbish"",""stop"",""whatev"",""function"",""perform"",""quit"",""often"",""t"",""wake"",""everi"",""time"",""random"",""turn"",""noth"",""buy"",""refurbish"",""echo"",""dot""]",0
"[""dont"",""trust""]",0
"[""want"",""use"",""radio"",""intercom"",""get"",""terribl"",""fm"",""recept"",""live"",""speech"",""recognit"",""softwar"",""horribl"",""wife"",""nativ"",""american"",""whose"",""languag"",""english"",""north"",""texa"",""neither"",""accent"",""birth"",""area"",""yet"",""good"",""job"",""understand"",""us"",""bought"",""two"",""thing"",""addit"",""wifi"",""recept"",""poor"",""margin"",""buy"",""wifi"",""rang"",""extend"",""offic"",""ten"",""feet"",""router"",""problem"",""switch"",""around"",""differ"",""now"",""disconnect"",""dust"",""collector""]",0
"[""item"",""never"",""work"",""box"",""broken"",""spent"",""sever"",""day"",""tri"",""get"",""work"",""run"",""34"",""fix"",""34"",""amazon"",""thing"",""accomplish"",""will"",""never"",""order"",""anoth"",""refurbish"",""devic""]",0
"[""great"",""product"",""return"",""new"",""alexa"",""dot"",""refurbish"",""alreadi"",""give"",""problem"",""connect""]",0
"[""34"",""never"",""buy"",""certifi"",""refurbish"",""echo"",""dot"",""34"",""bought"",""34"",""certifi"",""refurbish"",""34"",""echo"",""dot"",""unit"",""veri"",""poor"",""receiv"",""command"",""sometim"",""even"",""acknowledg"",""command"",""never"",""buy"",""refurbish"",""echo"",""dot"",""unit"",""receiv"",""probabl"",""never"",""certifi"",""refurbish"",""indic"",""also"",""bought"",""new"",""echo"",""dot"",""work"",""perfect"",""veri"",""disappoint""]",0
"[""item"",""work"",""certifi"",""refurbish"",""mean"",""work"",""advertis"",""instead"",""item"",""crash"",""soon"",""turn"",""plug"",""tri"",""connect"",""phone"",""echo"",""dot"",""crash"",""disconnect"",""orang"",""light"",""freez"",""thing"",""reboot"",""blue"",""light"",""alexa"",""tell"",""readi"",""connect"",""freez"",""mid"",""sentenc"",""tri"",""hold"",""action"",""button"",""5"",""second"",""t"",""anyth"",""return"",""immedi"",""hope"",""actual"",""fix"",""item"",""next"",""buyer"",""purchas""]",0
"[""none""]",0
"[""work"",""time""]",0
"[""alreadi"",""return""]",0
"[""now"",""weari"",""pick"",""convers"",""activ"",""use"",""heard"",""happen"",""news"",""3"",""4"",""veri"",""concern"",""wish"",""amazon"",""releas"",""someth"",""widespread"",""push"",""firmwar"",""prevent"",""heard"",""yet""]",0
"[""someth"",""wrong"",""first"",""one"",""even"",""rep"",""spoke"",""fix"",""replac"",""regist"",""someon"",""els"",""price"",""dot"",""went"",""39"",""99"",""price"",""refurbish"",""one"",""bought"",""brand"",""spank"",""new"",""one"",""problem"",""new"",""one""]",0
"[""two"",""week"",""set"",""longer"",""work"",""connect"",""light"",""sound"",""guess"",""t"",""purchas"",""refurbish"",""dot""]",0
"[""good""]",0
"[""worst"",""amazon"",""purchas"",""made"",""big"",""amazon"",""fan"",""love"",""brand"",""unlimit"",""digit"",""music"",""prime"",""video"",""even"",""buy"",""onlin"",""game"",""music"",""movi"",""amazon"",""app"",""tri"",""use"",""make"",""simpl"",""purchas"",""anyth"",""useless""]",0
"[""echo"",""dot"",""disconnect"",""speaker"",""12"",""20"",""time"",""day"",""buy"",""refurbish"",""product"",""2"",""star"",""effort""]",0
"[""cant"",""seem"",""get"",""thing"",""sink"",""wireless"",""sure"",""will"",""return"",""will"",""tri"",""one"",""time""]",0
"[""product"",""stop"",""work"",""return"",""time"",""ran""]",0
"[""stop"",""work"",""7"",""month"",""warranti"",""good"",""3"",""month"",""assum"",""amazon"",""product"",""sold"",""amazon"",""higher"",""standard"",""guarante"",""work"",""3"",""whole"",""month"",""mean"",""product"",""suppos"",""piec"",""junk"",""offer"",""15"",""discount"",""want"",""buy"",""anoth"",""one"",""want"",""buy"",""anoth"",""one""]",0
"[""bought"",""son"",""t"",""work"",""return""]",0
"[""bought"",""2"",""quit"",""connect"",""wifi"",""respond"",""voic"",""within"",""9"",""month"",""hard"",""soft"",""reset"",""will"",""fix"",""problem""]",0
"[""second"",""one"",""refurbish"",""model"",""work"",""least"",""home""]",0
"[""veri"",""bad"",""devic"",""t"",""know"",""refurbish"",""activ"",""nobodi"",""talk"",""just"",""activ"",""start"",""talk"",""talk"",""yell"",""super"",""laud""]",0
"[""far"",""impress"",""save"",""group"",""correct"",""understand"",""time"",""sure"",""excit"",""alexa"",""voic"",""sound"",""like"",""water"",""suppos"",""understand"",""go"",""return"",""tri"",""googl"",""home""]",0
"[""great"",""product"",""useless"",""overal"",""mani"",""unnecessari"",""featur"",""unless"",""smart"",""home"",""t"",""need""]",0
"[""cant"",""figur"",""use""]",0
"[""t"",""alway"",""work""]",0
"[""new"",""amazon"",""product"",""great"",""everyth"",""bought"",""refurbish"",""complet"",""garbag"",""will"",""never"",""purchas"",""amazon"",""refurbish"",""total"",""dissatisfact""]",0
"[""extrem"",""low"",""volum""]",0
"[""brought"",""replac"",""one"",""move"",""t"",""rang"",""previous"",""non"",""refurbish"",""unit"",""seldom"",""abl"",""find"",""wi"",""fi"",""t"",""connect"",""got"",""tire"",""hear"",""messag"",""34"",""troubl"",""connect"",""check"",""alexa"",""app"",""34"",""just"",""unplug"",""went"",""troubleshoot"",""reconnect"",""sever"",""time"",""just"",""strong""]",0
"[""want"",""listen"",""music"",""come"",""sever"",""echo"",""dot"",""unit"",""simultan"",""must"",""pay"",""month"",""fee"",""thought"",""amazon"",""appl"",""paid"",""mani"",""one"",""room"",""enough"",""money""]",0
"[""eh"",""work"",""half"",""time"",""respond"",""say"",""wake"",""name"",""work"",""fine""]",0
"[""want"",""white"",""dot"",""white"",""bathroom"",""top"",""black"",""shown"",""knew"",""realiz"",""cord"",""plug"",""also"",""black"",""want"",""white"",""cord"",""plug""]",0
"[""set"",""echo"",""dot"",""work"",""hour"",""die"",""complet"",""buy"",""refurbish"",""sent"",""back"",""return"",""day"",""receiv""]",0
"[""echo"",""dot"",""horribl"",""volum"",""phone"",""louder"",""devic"",""boss"",""one"",""case""]",0
"[""ok"",""speaker"",""pretti"",""terribl"",""googl"",""home"",""better"",""product""]",0
"[""first"",""one"",""quit"",""work"",""short"",""got"",""next"",""one"",""becom"",""unrespons"",""voic"",""time"",""way"",""get"",""work"",""app"",""sure"",""just"",""dot"",""way""]",0
"[""devic"",""work"",""follow"",""instruct"",""alexa"",""echo"",""dot"",""come"",""veri"",""upset""]",0
"[""sent"",""back"",""due"",""crackl"",""nois"",""turn"",""expect"",""refurbish"",""item""]",0
"[""like"",""siri"",""fact"",""siri"",""answer"",""accur"",""alexa"",""t"",""see"",""real"",""need"",""household"",""though"",""good"",""bargain"",""prime"",""day"",""deal""]",0
"[""sound"",""terribl"",""u"",""want"",""good"",""music"",""get"",""bose""]",0
"[""much"",""featur""]",0
"[""stop"",""work"",""2"",""week"",""t"",""follow"",""command"",""realli"",""fun"",""work""]",0
"[""sad"",""joke"",""worthless""]",0
"[""realli"",""disappoint"",""alexa"",""plug"",""wall"",""socket"",""time"",""fault"",""check"",""made"",""assumpt"",""compani"",""technolog"",""advanc"",""amazon"",""sell"",""product"",""recharg"",""batteri"",""return"",""appl"",""music"",""boom"",""speaker"",""give"",""flexibl"",""alexa""]",0
"[""got"",""great"",""sound"",""bass"",""t"",""work"",""time"",""still"",""hot"",""miss"",""recogn"",""thing""]",0
"[""super"",""impress"",""alexa"",""prime"",""laps"",""t"",""play"",""anyth"",""t"",""smart"",""enough"",""differenti"",""among"",""spotifi"",""account"",""t"",""use"",""either"",""random"",""speak"",""nobodi"",""talk"",""just"",""today"",""unplug"",""sure"",""ll"",""ever"",""use"",""alexa""]",0
"[""difficult"",""set"",""keep"",""time"",""enter"",""password""]",0
"[""alexa"",""hard"",""came""]",0
"[""honest"",""like"",""time"",""t"",""bought"",""smaller"",""one"",""exact"",""thing"",""less"",""half"",""bought"",""video"",""chat"",""never"",""realli"",""use""]",0
"[""veri"",""slow"",""compar"",""echo""]",0
"[""alexa"",""devic"",""work"",""just"",""well"",""product"",""unfortun"",""t"",""go"",""abil"",""play"",""video"",""veri"",""limit"",""play"",""youtub"",""play"",""video"",""crop"",""screen"",""make"",""look"",""veri"",""strang"",""quit"",""select"",""clock"",""face"",""control"",""display"",""one"",""glare"",""veri"",""annoy"",""except"",""t"",""turn"",""34"",""thing"",""tri"",""34"",""screen"",""turn"",""screen"",""scroll"",""defeat"",""purpos"",""screen"",""t"",""need"",""remind"",""everi"",""5"",""second"",""thing"",""alexa"",""t"",""need"",""advertis"",""especi"",""cost"",""devic"",""overal"",""expens"",""alexa"",""devic"",""screen"",""veri"",""use"",""annoy"",""recommend"",""amazon"",""peopl"",""get"",""act"",""togeth"",""come"",""screen"",""actual"",""use""]",0
"[""returnef"",""item"",""speak"",""spanish""]",0
"[""first"",""receiv"",""product"",""great"",""howev"",""week"",""ago"",""devic"",""serv"",""video"",""advertis"",""around"",""10"",""30pm"",""night"",""scare"",""famili"",""want"",""make"",""sure"",""protect"",""t"",""allow"",""video"",""direct"",""home"",""spot"",""devic"",""keep"",""safe""]",0
"[""coupl"",""day"",""alexa"",""answer"",""disconnect"",""will"",""see"",""better"",""reconnect""]",0
"[""want"",""use"",""clock"",""bedroom"",""font"",""small"",""see"",""distanc"",""appar"",""t"",""chang""]",0
"[""meh""]",0
"[""product"",""current"",""two"",""relat"",""softwar"",""flaw"",""make"",""complet"",""unus"",""1"",""34"",""card"",""34"",""homescreen"",""call"",""34"",""thing"",""tri"",""34"",""ad"",""alexa"",""servic"",""tri"",""turn"",""homescreen"",""card"",""one"",""2"",""default"",""homescreen"",""card"",""34"",""cycl"",""34"",""automat"",""incred"",""annoy"",""set"",""opt"",""card"",""34"",""cycl"",""34"",""instead"",""34"",""cycl"",""continu"",""34"",""critic"",""set"",""work"",""unit"",""set"",""34"",""cycl"",""34"",""card"",""still"",""continu"",""cycl"",""time"",""reboot"",""devic"",""re"",""set"",""etc"",""etc"",""two"",""obvious"",""softwar"",""issu"",""fix"",""opinion"",""product"",""useless""]",0
"[""need"",""harvard"",""law"",""degre"",""oper"",""thing"",""go"",""back"",""veri"",""soon""]",0
"[""product"",""turn"",""random"",""sometim"",""night""]",0
"[""love"",""way"",""stop"",""screen"",""constant"",""scroll"",""thing"",""tri"",""amazon"",""make"",""set"",""chang"",""review"",""5"",""star""]",0
"[""t"",""figur"",""make"",""receiv"",""call"",""devic"",""tell"",""need"",""regist"",""know""]",0
"[""great"",""product"",""give"",""5"",""star"",""t"",""scroll"",""face"",""card"",""without"",""stupid"",""34"",""tri"",""ask"",""alexa"",""34"",""suggest"",""pop"",""yes"",""scroll"",""just"",""stay"",""clock"",""like"",""card"",""well"",""god"",""worst"",""irrit"",""got"",""super"",""cheap"",""just"",""face"",""screen"",""toward"",""wall"",""treat"",""like"",""dot"",""instead"",""spot"",""dumb"",""move"",""amazon"",""part""]",0
"[""product"",""complet"",""wast"",""money"",""ask"",""alexa"",""question"",""either"",""t"",""know"",""answer"",""give"",""wrong"",""answer"",""find"",""inform"",""wikipedia""]",0
"[""honest"",""differ"",""echo"",""dot"",""alreadi"",""occasion"",""see"",""lyric"",""song"",""listen"",""realli"",""t"",""see"",""differ""]",0
"[""switch"",""googl"",""amazon"",""helper"",""shop"",""googl"",""task"",""assist""]",0
"[""alexa"",""smart"",""siri"",""cancel"",""snooz"",""alarm"",""goe"",""cancel"",""pre"",""set"",""alarm"",""weekday""]",0
"[""great"",""product"",""except"",""possibl"",""way"",""act"",""clock"",""display"",""time"",""perman"",""clock"",""mode"",""screen"",""rotat"",""clock"",""face"",""thing"",""tri"",""screen"",""intend"",""buy"",""sever"",""unit"",""hous"",""need"",""screen"",""hous"",""perman"",""tri"",""upset"",""act"",""clock"",""basic"",""featur"",""echo"",""spot"",""get"",""wrong"",""amazon"",""fail""]",0
"[""want"",""use"",""bedsid"",""clock"",""abil"",""play"",""music"",""podcast"",""sad"",""continu"",""scroll"",""34"",""thing"",""tri"",""34"",""t"",""stay"",""clock"",""face"",""amazon"",""get"",""one"",""back""]",0
"[""happi"",""spot"",""reset"",""numer"",""time"",""seem"",""slow"",""mode"",""practic"",""top"",""hear"",""even"",""talk"",""support"",""still"",""theme"",""menu"",""choos""]",0
"[""fine"",""spot"",""exact"",""one"",""massiv"",""fail"",""order"",""turn"",""repeat"",""alarm"",""morn"",""pretti"",""much"",""talk"",""thing"",""usual"",""want"",""first"",""woken"",""bed"",""partner"",""will"",""definit"",""like"",""yes"",""manual"",""swipe"",""alarm"",""face"",""dismiss"",""swipe"",""rather"",""touch"",""screen"",""half"",""asleep"",""veri"",""difficult"",""result"",""set"",""snooz"",""half"",""time"",""even"",""realli"",""tri"",""swipe"",""dismiss"",""ii"",""manag"",""swipe"",""dismiss"",""complet"",""delet"",""recur"",""alarm"",""especi"",""annoy"",""amazon"",""easili"",""fix"",""simpli"",""make"",""touch"",""screen"",""turn"",""alarm"",""delet"",""least"",""make"",""set"",""decid"",""whether"",""touch"",""screen"",""recur"",""alarm"",""snooz"",""turn"",""clock"",""year"",""now"",""still"",""t"",""ad"",""set"",""clear"",""go"",""happen"",""may"",""biggest"",""product"",""design"",""screw"",""amazon"",""ever"",""made""]",0
"[""item"",""return"",""repair"",""receivd"",""item"",""back"",""repair"",""07"",""23"",""18"",""part"",""miss"",""power"",""cord"",""includ"",""pleas"",""advis""]",0
"[""awesom"",""echo"",""echo"",""dot"",""spot"",""disappoint"",""veri"",""littl"",""control"",""screen"",""show"",""clock"",""look"",""like"",""order"",""thing"",""show"",""etc"",""point"",""t"",""thrown"",""box"",""away"",""immedi"",""sent"",""back"",""just"",""got"",""anoth"",""full"",""size"",""echo""]",0
"[""product"",""forc"",""user"",""review"",""alexa"",""thing"",""tri"",""way"",""disabl""]",0
"[""t"",""use"",""babi"",""monitor"",""purchas"",""t"",""realiz"",""read"",""review"",""alexa"",""skill"",""sync"",""nest"",""cam"",""consid"",""poor"",""review"",""fact"",""simpl"",""fix"",""surpris"",""amazon"",""t"",""upgrad"",""softwar"",""allow"",""39"",""minut"",""view"",""alert"",""like"",""get"",""nest"",""app""]",0
"[""3"",""amazon"",""ignor"",""custom"",""use"",""devic"",""market"",""tool"",""custom"",""screen"",""content"",""turn"",""advertis"",""thing"",""tri"",""peopl"",""will"",""suggest"",""turn"",""content"",""chang"",""accept"",""option"",""moreov"",""increas"",""size"",""slight"",""improv"",""audio"",""speaker"",""give"",""5"",""star"",""devic"",""right"",""now"",""debat"",""whether"",""return"",""3"",""devic"",""wife"",""say""]",0
"[""disconnect"",""often""]",0
"[""get"",""rid"",""34"",""thong"",""tri"",""34"",""screen"",""numb"",""nut""]",0
"[""echo"",""work"",""fine"",""get"",""indund"",""34"",""thing"",""tri"",""34"",""10"",""year"",""old"",""need"",""stimulus"",""tell"",""thing"",""found"",""way"",""turn"",""except"",""turn"",""screen"",""find"",""suitabl"",""fix"",""goe"",""back""]",0
"[""t"",""turn"",""34"",""thing"",""tri"",""34"",""screen"",""scroll"",""big"",""promot"",""devic"",""amazon"",""pack"",""send"",""back"",""realli"",""want"",""get"",""head"",""enough"",""alreadi""]",0
"[""thing"",""woke"",""middl"",""night"",""say"",""readi"",""setup"",""alreadi"",""setup"",""simpl"",""thing"",""check"",""time"",""ask"",""wife"",""happi""]",0
"[""product"",""attract"",""somewhat"",""use"",""amazon"",""chose"",""forc"",""user"",""view"",""thing"",""tri"",""trend"",""great"",""depreci"",""valu"",""product"",""buy"",""unless"",""will"",""view"",""billboard"",""amazon""]",0
"[""good"",""siri"",""still"",""posit"",""great"",""play"",""music"",""set"",""alarm"",""person"",""felt"",""paid"",""much"",""product"",""near"",""half"",""prime"",""day"",""liter"",""day"",""purchas"",""pretti"",""disappoint"",""might"",""still"",""return"",""get"",""money"",""back""]",0
"[""fair"",""useless""]",0
"[""bought"",""spot"",""love"",""within"",""month"",""start"",""act"",""funni"",""stop"",""work"",""call"",""determin"",""overh"",""told"",""unplug"",""technic"",""support"",""call"",""within"",""24"",""48"",""hour"",""wait"",""48"",""hour"",""without"",""respons"",""repli"",""email"",""ask"",""wait"",""week"",""week"",""goe"",""absolut"",""respons"",""inlin"",""chat"",""per"",""instruct"",""told"",""wait"",""longer"",""realli"",""unaccept"",""expect"",""amazon"",""find"",""funni"",""alway"",""thank"",""prime"",""member"",""issu"",""aris"",""even"",""get"",""assist""]",0
"[""size"",""screen"",""thing"",""25""]",0
"[""invas"",""scare"",""crap"",""speak"",""spoken"",""creapi"",""af""]",0
"[""love"",""product"",""veri"",""disappoint"",""realiz"",""longer"",""play"",""youtub"",""video"",""now"",""past"",""30"",""day"",""return"",""date"",""realiz"",""now"",""expens"",""alarm"",""clock"",""hope"",""youtub"",""come"",""back"",""look"",""buy"",""echo"",""show"",""kitchen"",""prime"",""day"",""glad"",""t""]",0
"[""wast"",""money"",""echo"",""generat"",""2"",""t"",""realli"",""get"",""anyth"",""video"",""chat"",""devic"",""facetim"",""skype"",""cycl"",""pictur"",""put"",""slideshow"",""mode"",""stick"",""first"",""photo"",""will"",""leav"",""matter"",""even"",""look"",""onlin"",""research"",""articl"",""find"",""solut"",""also"",""problem"",""devic"",""shut"",""problem"",""echo"",""devic"",""price"",""differ"",""just"",""worth""]",0
"[""tube"",""t"",""bought"",""known""]",0
"[""t"",""wast"",""money"",""echo"",""gen"",""1"",""echo"",""gen"",""2"",""dot"",""far"",""better"",""job"",""voic"",""recognit"",""echo"",""show"",""fact"",""bad"",""virtual"",""useless"",""also"",""speaker"",""incred"",""bass"",""heavi"",""much"",""hard"",""understand"",""voic"",""work"",""adjust"",""bass"",""punch"",""mid"",""trebl"",""still"",""sound"",""aw"",""final"",""screen"",""just"",""t"",""add"",""much"",""t"",""see"",""across"",""room"",""rare"",""activ"",""meaning"",""way"",""t"",""distract"",""help"",""use"",""facetim"",""much"",""practicalthan"",""use"",""show"",""surpris"",""amazon"",""t"",""make"",""littl"",""use"",""perhap"",""futur"",""now"",""wast"",""time"",""money""]",0
"[""thought"",""power"",""lot"",""function"",""much"",""better"",""echo"",""dot"",""worth"",""money""]",0
"[""understand"",""excit"",""alexa"",""devic"",""googl"",""one"",""either"",""rare"",""get"",""say"",""correct"",""control"",""dish"",""receiv"",""yes"",""set"",""correct"",""use"",""alexa"",""app"",""phone"",""got"",""129"",""good"",""deal"",""ti"",""defin"",""worth"",""229"",""price"",""though"",""mayb"",""anoth"",""month"",""will"",""get"",""better"",""either"",""one"",""just"",""deaf"",""dumb"",""realli"",""recommend"",""item"",""current"",""time""]",0
"[""veri"",""disappoint"",""alexa"",""t"",""hear"",""t"",""respond"",""request""]",0
"[""4"",""show"",""now"",""broken"",""anyth"",""screen"",""lose"",""line"",""resolut"",""timer"",""remind"",""go"",""hour"",""late"",""remind"",""trigger"",""tri"",""set"",""remind"",""t"",""issu"",""dot"",""echo"",""just"",""show"",""nice"",""amazon"",""get"",""act"",""togeth"",""actual"",""fix"",""thing""]",0
"[""alexa"",""pretti"",""dumb""]",0
"[""fire"",""hd"",""much"",""price"",""pair"",""speaker""]",0
"[""veri"",""intrus"",""turn""]",0
"[""like"",""anoth"",""kid"",""hous"",""constant"",""repeat"",""tell"",""alexa"",""someth"",""clear"",""day"",""accord"",""histori"",""hear"",""someth"",""comelet"",""differ"",""devic"",""realli"",""cool"",""like"",""concept"",""get"",""two"",""star"",""howev"",""just"",""t"",""work"",""intend"",""find"",""irrit"",""often"",""use"",""devic""]",0
"[""way"",""music"",""sound"",""poor"",""qualiti""]",0
"[""echo"",""devic"",""stop"",""communic"",""proper"",""sono"",""devic"",""upon"",""connect"",""echo"",""show"",""account"",""ask"",""echo"",""devic"",""play"",""music"",""sono"",""baffl"",""system"",""previous"",""work"",""flawless"",""went"",""two"",""week"",""eventu"",""solv"",""problem"",""neither"",""amazon"",""sono"",""figur""]",0
"[""f"",""suck""]",0
"[""alway"",""want"",""one"",""till"",""got"",""one"",""crack"",""hard"",""navig"",""actual"",""like"",""dot"",""better""]",0
"[""echo"",""show"",""said"",""work"",""certain"",""app"",""cozi"",""state"",""work"",""echo"",""show"",""cozi"",""famili"",""t"",""veri"",""well"",""amazon"",""need"",""go"",""back"",""draw"",""board"",""need"",""piec"",""technolog"",""lack"",""essenti"",""pleas"",""fix"",""cost"",""echo"",""show"",""marvel"",""got"",""echo"",""show"",""take"",""shop"",""list"",""far"",""ad"",""item"",""list"",""long"",""lag"",""router"",""slow"",""provid"",""speed"",""gb"",""speed"",""problem"",""new"",""item"",""updat"",""cozi"",""veri"",""slow"",""help"",""need"",""get"",""updat"",""a1"",""work"",""condit""]",0
"[""disappoint"",""devic"",""abl"",""access"",""youtub"",""dec"",""2017"",""t"",""awar"",""purchas"",""problem"",""devic"",""voic"",""stop"",""work"",""throughout"",""day"",""see"",""tri"",""respond"",""window"",""open"",""contain"",""info"",""ask"",""like"",""devic"",""get"",""stuck"",""process"",""stop"",""work"",""blue"",""bar"",""just"",""flash"",""keep"",""unplug"",""restart"",""devic"",""start"",""work"",""irrit"",""devic"",""realli"",""great"",""devic"",""googl"",""amazon"",""act"",""like"",""grownup""]",0
"[""return"",""repair"",""repair"",""done"",""problem"",""requir"",""defect"",""part"",""show"",""sent"",""repair"",""got"",""back"",""without"",""fix"",""site"",""give"",""option"",""complain"",""page"",""echo"",""spot"",""work"",""perfect"",""posit""]",0
"[""great"",""devic"",""featur"",""awesom"",""interact"",""fantast"",""home"",""autom"",""work"",""perfect"",""link"",""account"",""correct"",""issu"",""4"",""echo"",""show"",""2"",""sent"",""repair"",""screen"",""glitch"",""less"",""3"",""month"",""old"",""alreadi"",""issu"",""first"",""repair"",""sent"",""updat"",""firmwar"",""got"",""devic"",""back"",""noth"",""work"",""updat"",""newest"",""firmwar"",""work"",""2"",""week"",""later"",""glitch"",""start"",""love"",""show"",""get"",""realli"",""frustrat"",""glitch""]",0
"[""bought"",""product"",""hope"",""alexa"",""pretti"",""well"",""develop"",""far"",""enough"",""along"",""therefor"",""expect"",""respons"",""100"",""piec"",""crap"",""doesnt"",""even"",""know"",""respond"",""question"",""amazon"",""told"",""ask"",""echo"",""button"",""manual"",""see"",""step"",""3"",""devic"",""potenti"",""given"",""big"",""screen"",""decent"",""sound"",""200"",""buck"",""never"",""reccomend"",""even"",""100"",""spent"",""feel"",""like"",""got"",""short"",""oh"",""last"",""devic"",""pretti"",""useless"",""without"",""prime"",""membership"",""link"",""person"",""account"",""thing"",""liter"",""decor"",""bluetooth"",""speaker"",""went"",""famili"",""account"",""one"",""got"",""work"",""minim"",""oh"",""even"",""prime"",""membership"",""music"",""pass"",""someth"",""extra"",""3"",""99"",""month"",""leav"",""item"",""subscript"",""nightmar"",""overpr"",""decor"",""bluetooth"",""speaker"",""eye"",""give"",""zero"",""star""]",0
"[""famili"",""bought"",""sever"",""help"",""communic"",""older"",""parent"",""grandpar"",""need"",""simpler"",""devic"",""full"",""fledg"",""tablet"",""fantast"",""potenti"",""digit"",""photo"",""screen"",""video"",""call"",""easi"",""accesss"",""music"",""audio"",""book"",""etc"",""howev"",""setup"",""discov"",""huge"",""lurk"",""negat"",""amazon"",""forc"",""view"",""contin"",""spam"",""home"",""screen"",""promot"",""alexa"",""featur"",""turn"",""mani"",""thing"",""settin"",""turn"",""34"",""thing"",""tri"",""34"",""instead"",""beauti"",""digit"",""photo"",""screen"",""weather"",""time"",""now"",""constant"",""spam"",""ad"",""across"",""home"",""screen"",""say"",""34"",""tri"",""34"",""amazon"",""pleas"",""listen"",""custom"",""offer"",""set"",""turn"",""spam""]",0
"[""youtub""]",0
"[""work"",""fine"",""just"",""realiz"",""t"",""need"",""t"",""use""]",0
"[""need"",""abl"",""connect"",""3rd"",""parti"",""viceo"",""app""]",0
"[""tech"",""t"",""t"",""understand"",""common"",""word"",""basic"",""glorifi"",""radio""]",0
"[""sound"",""terribl"",""like"",""tin"",""love"",""echo"",""item"",""aw""]",0
"[""4th"",""echo"",""devic"",""1st"",""echo"",""show"",""seem"",""huge"",""potenti"",""realli"",""want"",""like"",""soon"",""found"",""quit"",""limit"",""bit"",""disappoint"",""end"",""world"",""use"",""like"",""use"",""screenless"",""echo"",""littl"",""2"",""month"",""screen"",""start"",""flicker"",""most"",""bottom"",""screen"",""just"",""quick"",""look"",""forum"",""made"",""understand"",""pointless"",""ask"",""replac"",""peopl"",""2"",""3"",""devic"",""replac"",""start"",""flicker"",""short"",""amazon"",""provid"",""serious"",""answer"",""go"",""quit"",""time"",""appar"",""long"",""stori"",""short"",""move"",""hallway"",""use"",""veri"",""expens"",""bulki"",""voic"",""activ"",""light"",""switch"",""hue"",""light"",""like"",""headlin"",""suggest"",""meh""]",0
"[""alexa"",""t"",""know"",""answer"",""mani"",""question"",""ask"",""exampl"",""ask"",""mani"",""cup"",""pound"",""said"",""pound"",""form"",""money""]",0
"[""decid"",""buy"",""smart"",""door"",""lock"",""decid"",""get"",""echo"",""plus"",""control"",""chose"",""kwikset"",""888"",""amazon"",""said"",""compat"",""bought"",""2"",""dot"",""pose"",""question"",""somebodi"",""communiti"",""said"",""will"",""work"",""alexa"",""t"",""know"",""z"",""wave"",""lock"",""zigbe"",""alexa"",""hub"",""t"",""compat"",""bodi"",""know"",""lock"",""work"",""seamless"",""echo"",""plus"",""guess"",""choic"",""1"",""exchang"",""plus"",""regular"",""echo"",""buy"",""separ"",""hub"",""like"",""wink"",""2"",""return"",""whole"",""alexa"",""system"",""get"",""someth"",""els"",""t"",""want"",""just"",""buy"",""anoth"",""hub"",""use"",""along"",""side"",""echo"",""plus"",""ll"",""back"",""ask"",""integr"",""two"",""hub"",""reason"",""kept"",""buy"",""smart"",""system"",""point"",""afraid"",""t"",""oper"",""seamless"",""unfortun"",""enough"",""research"",""someth"",""t"",""work""]",0
"[""habla"",""espanol""]",0
"[""broke"",""t"",""get"",""help"",""fix"",""replac""]",0
"[""still"",""unabl"",""connect"",""devic"",""although"",""say"",""built"",""hub"",""bought"",""bridg"",""connect"",""devic"",""think"",""everyth"",""sync"",""devic"",""still"",""discov"",""via"",""echo"",""plus"",""look"",""forward"",""featur"",""abl"",""play"",""music"",""check"",""weather"",""etc"",""fine""]",0
"[""terribl"",""stop"",""work"",""one"",""day""]",0
"[""speak"",""spanish"",""bought"",""grandmoth"",""someon"",""talk"",""around"",""spanish""]",0
"[""got"",""echo"",""excit"",""devic"",""better"",""sound"",""dot"",""hub"",""control"",""hue"",""bulb"",""t"",""realiz"",""also"",""t"",""fulli"",""communic"",""t"",""use"",""hue"",""bulb"",""full"",""potenti"",""devic"",""turn"",""light"",""set"",""number"",""preset"",""color"",""also"",""updat"",""bulb"",""newest"",""firmar"",""secur"",""concern"",""buy"",""want"",""full"",""featur"",""hub"",""new"",""iot"",""devic"",""will"",""end"",""need"",""updat"",""standalon"",""hub"",""make"",""hub"",""insid"",""devic"",""redund"",""pointless"",""still"",""love"",""echo"",""zero"",""complaint"",""alexa"",""function"",""sound"",""qualiti"",""devic"",""disappoint"",""hub"",""function""]",0
"[""disappoint"",""product"",""tri"",""instal"",""two"",""differ"",""unit"",""neither"",""one"",""success"",""complet"",""hour"",""amazon"",""technician"",""reset"",""app"",""t"",""connect"",""echo"",""plus"",""internet"",""connect"",""tri"",""use"",""applic"",""phone"",""tablet"",""chromebook"",""luck"",""clean"",""direct"",""applic"",""probabl"",""send"",""back"",""amazon"",""mark"",""readi"",""prime"",""time""]",0
"[""alexa"",""awesom"",""rciev"",""light"",""buld"",""know"",""u"",""need"",""anoth"",""adapt"",""light"",""buld"",""work"",""awar"",""disappoint""]",0
"[""wish"",""batteri"",""describ"",""better"",""plug"",""item""]",0
"[""harder"",""setup"",""thought"",""reason"",""default"",""twice"",""go"",""thru"",""mani"",""step"",""setup"",""find"",""devic"",""nice"",""interact"",""xfiniti"",""cabl"",""tv"",""cabl"",""box"",""also"",""work"",""xfiniti"",""alarm"",""hous"",""camera"",""nice"",""set"",""disarm"",""alarm"",""alexa"",""instal"",""skill"",""app"",""setup"",""bulb"",""what"",""ship"",""product"",""said"",""alexa"",""setup"",""bulb"",""alexa"",""find"",""new"",""bulb"",""alexa"",""setup"",""nest"",""fine"",""use"",""third"",""parti"",""app"",""alexa"",""work""]",0
"[""echo"",""part"",""work"",""fine"",""hue"",""hub"",""disast"",""work"",""month"",""noth"",""spent"",""2"",""hour"",""phone"",""tech"",""support"",""one"",""y"",""send"",""repair"",""now"",""tri"",""reconnect"",""light"",""pain"",""reset"",""light"",""bulb"",""take"",""5"",""time"",""get"",""reset"",""spent"",""hour"",""will"",""say"",""custom"",""servic"",""friend"",""tri"",""help"",""stick"",""echo"",""smart"",""plug"",""lamp""]",0
"[""suppos"",""come"",""free"",""hue"",""lightbulb"",""amazon"",""prime"",""day"",""light"",""bulb"",""arriv"",""fals"",""advertis""]",0
"[""t"",""week"",""alreadi"",""connect"",""network"",""tri"",""reconnect"",""manual"",""echo"",""never"",""appear"",""list"",""devic"",""connect"",""will"",""way"",""back"",""amazon""]",0
"[""ll"",""return"",""noth"",""annoy"",""hub"",""t"",""turn"",""need"",""interfer"",""hue"",""bridg"",""t"",""even"",""instal"",""philip"",""light"",""unless"",""unplug"",""plenti"",""review"",""go"",""depth"",""issu"",""bottom"",""line"",""suck"",""hub"",""t"",""support"",""z"",""wave"",""zigbe"",""fair"",""knew"",""advanc"",""one"",""protocol"",""support"",""t"",""mani"",""function"",""dedic"",""one"",""will"",""point"",""notic"",""right"",""away"",""philip"",""hue"",""bridg"",""support"",""firmwar"",""upgrad"",""light"",""bulb"",""t"",""found"",""rather"",""interest""]",0
"[""echo"",""link"",""direct"",""tv"",""even"",""though"",""said"",""spent"",""multipl"",""hour"",""made"",""phone"",""call"",""text"",""also"",""miss"",""free"",""bulb""]",0
"[""t"",""use"",""appl"",""music"",""worthless"",""without"",""sound"",""qualiti"",""also"",""poor""]",0
"[""sure"",""echo"",""cool"",""everyon"",""say"",""t"",""get"",""tri"",""one"",""even"",""though"",""larg"",""cover"",""porch"",""packag"",""left"",""top"",""step"",""day"",""forecast"",""100"",""chanc"",""rain"",""rain"",""soak"",""packag"",""even"",""go"",""open"",""see"",""bad"",""damag"",""order"",""curs"",""begin"",""order"",""birthday"",""gift"",""deliveri"",""made"",""schedul"",""day"",""now"",""get"",""rain"",""soak""]",0
"[""tec"",""smart"",""enough"",""make"",""work"",""will"",""send"",""back"",""cant"",""get"",""help"",""eco"",""dot"",""work"",""just"",""fine"",""complac"",""just"",""want"",""bigger"",""speaker""]",0
"[""product"",""light"",""bar"",""never"",""went"",""orang"",""googl"",""reset"",""instruct"",""actual"",""differ"",""packag"",""instruct"",""tri"",""product"",""defect""]",0
"[""think"",""get"",""long"",""time"",""excit"",""arriv"",""bundl"",""philip"",""hue"",""bulb"",""excit"",""end"",""quick"",""spend"",""total"",""4"",""hour"",""attempt"",""add"",""bulb"",""alexa"",""echo"",""plus"",""everyth"",""tri"",""end"",""discoveri"",""fail"",""messag"",""tri"",""set"",""watch"",""youtub"",""video"",""read"",""set"",""websit"",""poster"",""child"",""insan"",""thing"",""expect"",""differ"",""result"",""next"",""day"",""went"",""onto"",""amazon"",""get"",""tech"",""support"",""hope"",""someth"",""done"",""make"",""thing"",""work"",""also"",""problem"",""oper"",""error"",""well"",""3"",""tech"",""support"",""staff"",""1"",""hr"",""19"",""min"",""phone"",""still"",""t"",""work"",""product"",""test"",""patienc"",""far"",""experi"",""shift"",""mindset"",""go"",""smart"",""home"",""just"",""kick"",""old"",""school"",""reason"",""gave"",""two"",""star"",""amazon"",""will"",""send"",""differ"",""echo"",""plus"",""light"",""bulb"",""problem"",""t"",""bulb"",""pack"",""item"",""purchas"",""anoth"",""bulb"",""still"",""alexa"",""t"",""locat"",""devic"",""pray"",""next"",""attempt"",""success"",""will"",""revis"",""rate"",""odd"",""ship"",""defect"",""echo"",""support"",""person"",""thought"",""mayb"",""explor"",""googl"",""devic"",""t"",""get"",""look"",""hub"",""look"",""like"",""defus"",""t"",""believ"",""t"",""find"",""youtub"",""video"",""show"",""problem"",""everyth"",""look"",""simpl"",""seamless"",""experi"",""ok"",""done"",""review"",""spend"",""enough"",""wast"",""time"",""weekend"",""alreadi""]",0
"[""receiv"",""wrong"",""product"",""excit"",""instal"",""excit"",""gone"",""thank"",""amazon""]",0
"[""need"",""buy"",""100"",""hub"",""get"",""work"",""samsung"",""tv"",""mani"",""devic"",""want"",""money"",""back"",""thing"",""t"",""even"",""turn"",""tv"",""unless"",""buy"",""anoth"",""hub"",""point"",""hub"",""t"",""support"",""half"",""devic"",""t"",""buy"",""thing"",""unless"",""want"",""spend"",""anoth"",""100"",""anoth"",""hub"",""t"",""work"",""mani"",""devic"",""just"",""echo"",""dot"",""must"",""better"",""yet"",""get"",""googl"",""devic"",""actual"",""understand"",""talk""]",0
"[""purchas"",""echo"",""plus"",""built"",""hub"",""came"",""free"",""philip"",""hue"",""bulb"",""got"",""everyth"",""set"",""realiz"",""echo"",""plus"",""hub"",""t"",""allow"",""full"",""function"",""bulb"",""turn"",""light"",""dim"",""will"",""chang"",""color"",""still"",""hue"",""bridg"",""full"",""function"",""featur"",""bulb"",""wish"",""bought"",""bulb"",""bridg"",""separ"",""use"",""echo"",""alreadi"",""sinc"",""built"",""hub"",""echo"",""will"",""essenti"",""useless"",""ll"",""buy"",""hue"",""bridg"",""get"",""full"",""benefit"",""light""]",0
"[""volum"",""set"",""half"",""less"",""speaker"",""sound"",""like"",""someth"",""rattl"",""crackl"",""vibrat"",""understand"",""volum"",""set"",""higher"",""speaker"",""get"",""distort"",""driven"",""t"",""sound"",""like"",""driven"",""case"",""sound"",""like"",""rattl"",""crackl"",""possibl"",""bass"",""high"",""learn"",""abil"",""adjust"",""sound"",""characterist"",""volum"",""will"",""attempt"",""exchang"",""assum"",""just"",""isol"",""problem""]",0
"[""bought"",""t"",""realiz"",""plug"",""just"",""work"",""t"",""conveni"",""make"",""alway"",""connect"",""wall"",""clear"",""bought""]",0
"[""like"",""tell"",""reason"",""hate"",""like"",""speaker"",""suck"",""color"",""shape"",""even"",""way"",""smell"",""honest"",""say"",""number"",""reason"",""hate"",""devic"",""tri"",""set"",""3x"",""now"",""avail"",""4"",""echo"",""devic"",""alreadi"",""set"",""use"",""quit"",""regular"",""reset"",""phone"",""galaxi"",""s8"",""check"",""app"",""updat"",""cycl"",""power"",""echo"",""unit"",""attempt"",""work"",""network"",""technolog"",""industri"",""live"",""20"",""year"",""now"",""lack"",""experi"",""knowledg"",""problem"",""use"",""app"",""devic"",""even"",""tell"",""connect"",""follow"",""app"",""continu"",""set"",""set"",""screen"",""just"",""continu"",""roll"",""3"",""dot"",""around"",""screen"",""5"",""minut"",""app"",""lock"",""phone"",""forc"",""app"",""close"",""restart"",""phone"",""echo"",""tri"",""figur"",""3x"",""enough"",""t"",""hard"",""techi"",""imagin"",""bad"",""will"",""prove"",""peopl"",""clue"",""technolog"",""hope"",""t"",""call"",""ll"",""tell"",""em"",""send"",""product"",""back""]",0
"[""unit"",""came"",""wrong"",""plug"",""will"",""send"",""back"",""amazon""]",0
"[""sound"",""qualiti"",""good"",""especi"",""price"",""pay"",""recommend"",""get"",""echo"",""dot"",""buy"",""better"",""speaker"",""instead"",""mayb"",""sono"",""use"",""echo"",""dot""]",0
"[""will"",""return"",""piec"",""garbag"",""soon"",""possibl"",""lifetim"",""amazon"",""spend"",""approach"",""near"",""40"",""000"",""sure"",""just"",""small"",""custom"",""rare"",""disappoint"",""hundr"",""thousand"",""amazon"",""purchas"",""8"",""echo"",""home"",""autom"",""bought"",""echo"",""plus"",""specif"",""built"",""hub"",""along"",""approxim"",""600"",""zigbe"",""light"",""switch"",""voic"",""control"",""subpar"",""even"",""work"",""rariti"",""often"",""noth"",""disappoint"",""product"",""strong"",""discourag"",""invest"",""amazon"",""zigbe"",""ecosystem"",""valu"",""money"",""expect"",""work"",""product"",""need"",""look"",""elsewher""]",0
"[""t"",""realli"",""work"",""smooth"",""make"",""seem"",""like""]",0
"[""echo"",""great"",""good"",""sound"",""qualiti"",""function"",""smart"",""home"",""hub"",""suck"",""autom"",""geo"",""fenc"",""music"",""sync"",""hue"",""z"",""wave"",""turn"",""thing"",""voic"",""end"",""buy"",""smartth"",""hub"",""transfer"",""everyth""]",0
"[""got"",""month"",""ago"",""idea"",""will"",""help"",""control"",""smart"",""bulb"",""use"",""answer"",""question"",""get"",""daili"",""weather"",""updat"",""far"",""use"",""half"",""time"",""wake"",""devic"",""ask"",""question"",""initi"",""command"",""t"",""hear"",""say"",""turn"",""basic"",""ignor"",""often"",""unabl"",""answer"",""basic"",""question"",""frustrat"",""alexa"",""work"",""rather"",""make"",""life"",""easier"",""return"",""past"",""return"",""period"",""zzzz""]",0
"[""much"",""difficult"",""use"",""chromecast""]",0
"[""fast"",""load"",""keep"",""reboot"",""middl"",""show""]",0
"[""just"",""think"",""darn"",""confus"",""part"",""tri"",""just"",""t"",""work"",""just"",""t"",""like"",""thought""]",0
"[""will"",""never"",""buy"",""anyth"",""amazon"",""make"",""fire"",""stick"",""even"",""year"",""old"",""noth"",""restart"",""freez"",""constant"",""warranti"",""amazon"",""first"",""clue"",""horribl"",""devic"",""will"",""never"",""buy"",""anyth"",""built"",""amazon""]",0
"[""love"",""start"",""june"",""hulu"",""stop"",""work"",""crunchyrol"",""t"",""work"",""either"",""probabl"",""will"",""switch"",""someth"",""els"",""soon""]",0
"[""still"",""t"",""work"",""bet"",""call"",""know"",""will"",""charg"",""3rd"",""time"",""ridicul""]",0
"[""veri"",""unhappi"",""firestick"",""everi"",""time"",""chang"",""program"",""channel"",""within"",""program"",""veri"",""long"",""delay"",""2"",""roku"",""work"",""just"",""fine"",""veri"",""quick""]",0
"[""return"",""hulu"",""work"",""devic"",""kept"",""come"",""error"",""hulu"",""app"",""abl"",""open"",""time"",""hit"",""miss"",""time"",""hulu"",""will"",""stop"",""work"",""right"",""middl"",""show"",""movi"",""plus"",""fire"",""stick"",""veri"",""slow"",""open"",""app""]",0
"[""firestick"",""sent"",""t"",""work"",""voic"",""remot"",""t"",""even"",""turn"",""troubleshoot"",""step"",""t"",""work"",""contact"",""amazon"",""sent"",""us"",""new"",""one"",""remot"",""way"",""control"",""gave"",""got"",""roku"",""work"",""great""]",0
"[""old"",""amazon"",""fire"",""stick"",""kept"",""crash"",""use"",""sling"",""tv"",""bought"",""one"",""think"",""old"",""one"",""defect"",""one"",""thing"",""go"",""back"",""sling"",""start"",""left"",""program""]",0
"[""order"",""2"",""deal"",""day"",""1"",""t"",""work"",""2"",""nd"",""just"",""went"",""2"",""day""]",0
"[""t"",""like"",""load"",""hulu"",""account"",""also"",""veri"",""slow"",""know"",""internet"",""connect"",""xbox"",""one"",""work"",""just"",""fine"",""fire"",""tv"",""stick"",""take"",""forev"",""load"",""anyth""]",0
"[""constant"",""buffer"",""point"",""t"",""watch"",""anyth"",""without"",""interrupt"",""purchas"",""prime"",""day"",""plus"",""use"",""reward"",""pay"",""end"",""paid"",""next"",""noth"",""paid"",""full"",""price"",""might"",""want"",""money"",""back"",""stop"",""tri"",""use"",""went"",""back"",""old"",""stream"",""devic"",""know"",""internet"",""servic"",""issu"",""problem"",""devic"",""stream""]",0
"[""t"",""like"",""goe"",""sleep"",""mode"",""20"",""30"",""minut"",""inact"",""t"",""wake"",""fire"",""tv"",""finish"",""watch"",""show""]",0
"[""like"",""day"",""year"",""longer"",""work"",""power"",""go"",""past"",""firestick"",""logo"",""tv"",""bought"",""second"",""one"",""will"",""buy"",""third"",""one"",""t"",""last"",""longer""]",0
"[""t"",""show"",""noth""]",0
"[""veri"",""disappoint"",""mandatori"",""upgrad"",""final"",""got"",""done"",""upload"",""lost"",""local"",""charlott"",""nc"",""channel"",""pur"",""news"",""weather"",""also"",""cbs"",""nbc"",""abc"",""2"",""day"",""later"",""amazon"",""day"",""discount"",""just"",""order""]",0
"[""garbag"",""even"",""tri"",""watch"",""amazon"",""prime"",""video"",""piec"",""garbag"",""loos"",""internet"",""connect"",""half"",""way"",""thru"",""show"",""cheapest"",""roku"",""work"",""100"",""time"",""better"",""wast"",""time"",""money"",""piec"",""garbag""]",0
"[""recommend"",""anyon"",""t"",""load"",""netflix"",""rare"",""occas"",""t"",""run"",""program"",""way"",""thru"",""tell"",""unabl"",""process"",""titl"",""time"",""tri"",""later"",""netflix"",""site"",""caus"",""stream"",""just"",""fine"",""comput"",""firestick"",""veri"",""disappoint""]",0
"[""las"",""pelicula"",""tien"",""o"",""se"",""pueden"",""cambiar"",""espanol"",""o"",""titulo"",""en"",""espanol""]",0
"[""excit"",""tri"",""new"",""element"",""tv"",""unfortun"",""even"",""though"",""tv"",""5"",""feet"",""away"",""router"",""get"",""madden"",""disconnect"",""buffer"",""thought"",""littl"",""devic"",""suppos"",""take"",""care"",""issu"",""t""]",0
"[""menu"",""t"",""work"",""say"",""t"",""connect"",""amazon"",""network""]",0
"[""love"",""remot"",""wasnt"",""spend"",""much"",""money"",""replac"",""batteri"",""upset"",""spent"",""money"",""great"",""devic"",""batteri"",""last""]",0
"[""purchas"",""use"",""road"",""semi"",""work"",""applic""]",0
"[""seem"",""work"",""ok"",""youtub"",""tv"",""realli"",""t"",""believ"",""ban"",""app"",""mani"",""peopl"",""want"",""use"",""realli"",""want"",""like"",""t"",""instal"",""particular"",""app"",""becam"",""almost"",""useless"",""almost"",""stuff"",""just"",""fine"",""ll"",""stick"",""roku""]",0
"[""quit"",""disappoint"",""product"",""clear"",""bug"",""half"",""time"",""ask"",""newsflash"",""two"",""second"",""start"",""whole"",""thing"",""stop"",""reboot"",""coupl"",""minut"",""goe"",""ask"",""play"",""radio"",""also"",""mani"",""time"",""get"",""confus"",""ask"",""switch"",""34"",""light"",""34"",""item"",""also"",""name"",""true"",""clear"",""ai"",""natur"",""languag"",""veri"",""beta"",""stage"",""still"",""impress""]",0
"[""nope"",""still"",""lot"",""improv"",""thing"",""ask"",""say"",""hmmmm"",""dont"",""know""]",0
"[""reach"",""amazon"",""devic"",""want"",""sync"",""phone"",""number"",""allow"",""said"",""number"",""alreadi"",""use"",""custom"",""servic"",""t"",""help"",""basic"",""told"",""contact"",""sprint"",""assist"",""echo"",""bare"",""minimum"",""without"",""access"",""phone"",""set"",""kind"",""pointless"",""pay""]",0
"[""t"",""like"",""almost"",""everytim"",""ask"",""alexa"",""question"",""say"",""dont"",""know"",""havent"",""learn""]",0
"[""volum"",""veri"",""low""]",0
"[""cheap"",""cheap"",""sound""]",0
"[""price"",""product"",""nice"",""qualiti"",""nice"",""featur"",""definit"",""complaint"",""reason"",""gave"",""3"",""star"",""echo"",""dot"",""thought"",""go"",""may"",""just"",""buyer"",""error"",""first"",""t"",""know"",""product"",""plug"",""time"",""work"",""realli"",""t"",""like"",""stand"",""alon"",""devic"",""also"",""speaker"",""veri"",""loud"",""buy"",""bluetooth"",""speaker"",""t"",""last"",""sure"",""echo"",""dot"",""lot"",""t"",""quit"",""figur"",""use"",""fulli"",""just"",""kind"",""seem"",""like"",""unnecessari"",""devic"",""plus"",""set"",""aw"",""definit"",""save"",""money"",""buy"",""nicer"",""one"",""actual"",""alexa""]",0
"[""use"",""twice"",""work""]",0
"[""devic"",""interact"",""home"",""fill"",""appl"",""devic"",""disappoint""]",0
"[""happi"",""speaker"",""t"",""great"",""reason"",""lot"",""time"",""play"",""music"",""will"",""start"",""make"",""weird"",""nois"",""just"",""stop"",""son"",""googl"",""home"",""much"",""better""]",0
"[""think"",""realli"",""t"",""much"",""play"",""music"",""answer"",""stupid"",""question"",""final"",""abl"",""hook"",""thermostat"",""see"",""price"",""drop"",""like"",""rock""]",0
"[""work"",""well"",""6"",""month"",""stop"",""connect"",""internet"",""wifi"",""none"",""troubl"",""shoot"",""effort"",""work"",""amazon"",""custom"",""servic"",""t"",""help"",""told"",""warranti"",""3"",""month"",""veri"",""disappoint"",""t"",""will"",""replac""]",0
"[""ask"",""play"",""motown"",""radio"",""pandora"",""keep"",""ask"",""want"",""add"",""salsa"",""station"",""motown"",""t"",""close"",""salsa"",""phonet""]",0
"[""sound"",""terribl"",""pair"",""echo"",""play"",""simultan"",""must"",""upgrad"",""amazon"",""music"",""want"",""play"",""one"",""devic"",""time""]",0
"[""real"",""difficulti"",""work"",""echo"",""dot"",""alexi"",""veri"",""smart"",""9"",""10"",""question"",""ask"",""get"",""34"",""sure"",""34"",""half"",""time"",""still"",""ask"",""question"",""alexi"",""say"",""34"",""sure"",""34"",""music"",""great"",""work"",""well"",""far"",""veri"",""frustrat"",""experi""]",0
"[""realli"",""happi"",""origin"",""echo"",""thought"",""get"",""echo"",""dot"",""use"",""bedroom"",""realli"",""disappoint"",""audio"",""qualiti"",""connect"",""extern"",""speaker"",""via"",""bluetooth"",""audio"",""much"",""better"",""start"",""problem"",""loos"",""connect"",""wifi"",""presum"",""due"",""interfer"",""bluetooth"",""connect"",""speaker"",""via"",""auxiliari"",""jack"",""auxiliari"",""jack"",""pick"",""interfer"",""wifi"",""woken"",""middl"",""night"",""horribl"",""buzz"",""sound"",""im"",""hope"",""amazon"",""will"",""take"",""thing"",""back"",""give"",""good"",""deal"",""echo"",""spot"",""hope"",""will"",""better"",""nightstand"",""devic""]",0
"[""weak"",""sound"",""compar"",""googl"",""home"",""mini"",""sound"",""bad"",""also"",""need"",""prime"",""small"",""select"",""music"",""need"",""prime"",""music"",""play"",""everyth"",""also"",""get"",""two"",""need"",""prime"",""famili"",""music"",""play"",""music"",""think"",""lame"",""need"",""famili"",""plan"",""use"",""multipl"",""devic""]",0
"[""echo"",""dot"",""respond"",""us"",""t"",""even"",""talk"",""unplug"",""feel"",""like"",""34"",""spi"",""34"",""us""]",0
"[""connect"",""phone"",""playlist""]",0
"[""negat"",""product"",""terribl"",""sound"",""qualiti"",""massiv"",""differ"",""alexa"",""us"",""big"",""reason"",""want"",""purchas"",""t"",""buy"",""anoth"",""speaker"",""sound"",""qualiti"",""improv""]",0
"[""t"",""order""]",0
"[""product"",""sound"",""emoji"",""speaker"",""five"",""sister"",""even"",""one"",""bluetooth"",""t"",""need"",""plug"",""good"",""thing"",""speak""]",0
"[""quit"",""disappoint"",""product"",""clear"",""bug"",""half"",""time"",""ask"",""newsflash"",""two"",""second"",""start"",""whole"",""thing"",""stop"",""reboot"",""coupl"",""minut"",""goe"",""ask"",""play"",""radio"",""also"",""mani"",""time"",""get"",""confus"",""ask"",""switch"",""34"",""light"",""34"",""item"",""also"",""name"",""true"",""clear"",""ai"",""natur"",""languag"",""veri"",""beta"",""stage"",""still"",""impress""]",0
"[""nope"",""still"",""lot"",""improv"",""thing"",""ask"",""say"",""hmmmm"",""dont"",""know""]",0
"[""reach"",""amazon"",""devic"",""want"",""sync"",""phone"",""number"",""allow"",""said"",""number"",""alreadi"",""use"",""custom"",""servic"",""t"",""help"",""basic"",""told"",""contact"",""sprint"",""assist"",""echo"",""bare"",""minimum"",""without"",""access"",""phone"",""set"",""kind"",""pointless"",""pay""]",0
"[""t"",""like"",""almost"",""everytim"",""ask"",""alexa"",""question"",""say"",""dont"",""know"",""havent"",""learn""]",0
"[""volum"",""veri"",""low""]",0
"[""cheap"",""cheap"",""sound""]",0
"[""price"",""product"",""nice"",""qualiti"",""nice"",""featur"",""definit"",""complaint"",""reason"",""gave"",""3"",""star"",""echo"",""dot"",""thought"",""go"",""may"",""just"",""buyer"",""error"",""first"",""t"",""know"",""product"",""plug"",""time"",""work"",""realli"",""t"",""like"",""stand"",""alon"",""devic"",""also"",""speaker"",""veri"",""loud"",""buy"",""bluetooth"",""speaker"",""t"",""last"",""sure"",""echo"",""dot"",""lot"",""t"",""quit"",""figur"",""use"",""fulli"",""just"",""kind"",""seem"",""like"",""unnecessari"",""devic"",""plus"",""set"",""aw"",""definit"",""save"",""money"",""buy"",""nicer"",""one"",""actual"",""alexa""]",0
"[""use"",""twice"",""work""]",0
"[""devic"",""interact"",""home"",""fill"",""appl"",""devic"",""disappoint""]",0
"[""happi"",""speaker"",""t"",""great"",""reason"",""lot"",""time"",""play"",""music"",""will"",""start"",""make"",""weird"",""nois"",""just"",""stop"",""son"",""googl"",""home"",""much"",""better""]",0
"[""think"",""realli"",""t"",""much"",""play"",""music"",""answer"",""stupid"",""question"",""final"",""abl"",""hook"",""thermostat"",""see"",""price"",""drop"",""like"",""rock""]",0
"[""work"",""well"",""6"",""month"",""stop"",""connect"",""internet"",""wifi"",""none"",""troubl"",""shoot"",""effort"",""work"",""amazon"",""custom"",""servic"",""t"",""help"",""told"",""warranti"",""3"",""month"",""veri"",""disappoint"",""t"",""will"",""replac""]",0
"[""ask"",""play"",""motown"",""radio"",""pandora"",""keep"",""ask"",""want"",""add"",""salsa"",""station"",""motown"",""t"",""close"",""salsa"",""phonet""]",0
"[""sound"",""terribl"",""pair"",""echo"",""play"",""simultan"",""must"",""upgrad"",""amazon"",""music"",""want"",""play"",""one"",""devic"",""time""]",0
"[""time"",""alexa"",""littl"",""34"",""thick"",""34"",""most"",""good""]",1
"[""love"",""t"",""know"",""took"",""long"",""get"",""one"",""t"",""know"",""t"",""get"",""two"",""amazon"",""prime"",""day""]",1
"[""date"",""news""]",1
"[""work"",""like"",""champ""]",1
"[""clear"",""sound"",""great"",""alarm"",""clock"",""play"",""music"",""els"",""ask"",""oh"",""yeah"",""order"",""need""]",1
"[""love"",""use"",""cell"",""phone"",""call"",""echo"",""dot"",""also"",""use"",""echo"",""dot"",""intercom""]",1
"[""love"",""just"",""like"",""4""]",1
"[""great"",""price"",""love"",""echo"",""dot""]",1
"[""excel"",""bought"",""anoth"",""one"",""yesterday""]",1
"[""work"",""great""]",1
"[""love"",""daughter"",""enjoy"",""tell"",""alexa"",""haha""]",1
"[""purchas"",""discount"",""prime"",""day"",""insert"",""portabl"",""bluetooth"",""speaker"",""made"",""specif"",""work"",""echo"",""dot"",""work"",""great"",""love"",""now"",""bring"",""alexa"",""onto"",""patio"",""most"",""use"",""music"",""3rd"",""echo"",""product"",""love""]",1
"[""just"",""got"",""third"",""one"",""love""]",1
"[""eas"",""instal""]",1
"[""un"",""excelent"",""equipo"",""inteligent"",""al"",""estar"",""conectado"",""al"",""internet"",""nos"",""prove"",""de"",""multipl"",""funcion"",""tale"",""como"",""el"",""tiempo"",""hora"",""informacion"",""de"",""cualquier"",""estudio"",""que"",""est"",""realizando"",""atra"",""vez"",""del"",""internet""]",1
"[""love"",""product"",""far"",""thing"",""set"",""timer"",""remind"",""play"",""music"",""game"",""t"",""like"",""get"",""full"",""enjoy"",""purchas"",""mani"",""thing"",""also"",""veri"",""difficult"",""set"",""direct"",""made"",""sound"",""simpl"",""one"",""two"",""three"",""forgot"",""step"",""four"",""five"",""six"",""almost"",""readi"",""send"",""back"",""app"",""extrem"",""slow"",""took"",""hour"",""get"",""thing"",""set"",""howev"",""depend"",""go"",""use"",""think"",""ok"",""item""]",1
"[""love"",""echo"",""dot"",""amax""]",1
"[""like"",""use"",""listen"",""podcast"",""like"",""set"",""greet"",""morn"",""tell"",""new"",""one"",""thing"",""t"",""like"",""get"",""recogn"",""radio"",""station"",""want"",""listen"",""final"",""got"",""work"",""work"",""bug""]",1
"[""just"",""like"",""big"",""sister"",""echo"",""smaller"",""slight"",""less"",""audio"",""fidel"",""much"",""lower"",""price"",""amazon"",""prime"",""day"",""use"",""anoth"",""room"",""add"",""alexa"",""addit"",""room""]",1
"[""everyth"",""big"",""guy""]",1
"[""great"",""product"",""understand"",""accent""]",1
"[""love"",""t"",""stop"",""use""]",1
"[""realli"",""like"",""avail"",""get"",""instant"",""music"",""throughout"",""hous""]",1
"[""veri"",""handi"",""kitchen"",""set"",""timer"",""give"",""extra"",""help"",""set"",""oven"",""temp""]",1
"[""cool"",""littl"",""speaker"",""love"",""alarm"",""connect"",""speaker"",""sound"",""great""]",1
"[""great"",""tool"",""help"",""inform""]",1
"[""awesom"",""piec"",""technolog"",""simplifi"",""life"",""great"",""purchas""]",1
"[""jump"",""bandwagon"",""purchas"",""echo"",""feel"",""like"",""struggl"",""get"",""connect"",""three"",""day"",""later"",""devic"",""share"",""news"",""weather"",""now"",""use"",""tap"",""option"",""still"",""test""]",1
"[""love"",""alexa"",""love"",""echo"",""dot"",""troubl"",""speaker"",""use"",""intercom""]",1
"[""love"",""now"",""find"",""correct"",""smart"",""link"",""plug"",""connect""]",1
"[""work"",""pretti"",""well""]",1
"[""still"",""learn""]",1
"[""realli"",""love"",""echo"",""dot"",""get"",""question"",""answer"",""right"",""away"",""play"",""music"",""think""]",1
"[""usual"",""reliabl"",""alexa""]",1
"[""speaker"",""better"",""qualti""]",1
"[""echo"",""want"",""someth"",""smaller"",""anoth"",""room"",""work"",""togeth"",""great""]",1
"[""love"",""handi"",""easi"",""use"",""got"",""classroom"",""mani"",""need"",""just"",""get"",""anoth"",""one""]",1
"[""veri"",""pleas""]",1
"[""primarili"",""music"",""bedroom"",""wish"",""speaker"",""better"",""fidel""]",1
"[""nice""]",1
"[""music"",""weather"",""time""]",1
"[""great"",""love""]",1
"[""impress""]",1
"[""realli"",""like""]",1
"[""take"",""learn"",""use"",""still"",""learn""]",1
"[""alexa"",""phenomen""]",1
"[""echo"",""dot"",""2nd"",""generat"",""smart"",""speaker"",""veri"",""compound"",""size"",""howev"",""project"",""veri"",""good"",""sound"",""also"",""port"",""connect"",""extern"",""speaker"",""greater"",""project"",""sound"",""also"",""like"",""size"",""awkward"",""t"",""take"",""lot"",""space"",""work"",""great"",""alexa"",""app"",""also"",""think"",""size"",""great"",""colleg"",""student"",""live"",""dorm"",""room"",""small"",""limit"",""space""]",1
"[""use"",""echo"",""dot"",""sever"",""differ"",""way"",""home"",""use"",""downstair"",""control"",""light"",""also"",""take"",""deck"",""stream"",""music"",""bluetooth"",""speaker"",""work"",""great"",""need""]",1
"[""echo"",""want"",""dot"",""bedroom"",""even"",""easier"",""set"",""origin"",""echo""]",1
"[""make"",""turn"",""thing"",""hous"",""simpl"",""great"",""littl"",""updat"",""well"",""like"",""check"",""weather""]",1
"[""great"",""product"",""fun"",""use""]",1
"[""need"",""smarter""]",1
"[""realli"",""enjoy"",""abl"",""just"",""make"",""request"",""favorit"",""music"",""happen"",""complaint"",""time""]",1
"[""love"",""work"",""great"",""make"",""home"",""smarthom""]",1
"[""realli"",""like"",""echo"",""dot"",""amaz"",""abl"",""set"",""alarm"",""timer"",""just"",""talk"",""echo"",""dot""]",1
"[""conveni"",""fun""]",1
"[""alright""]",1
"[""first"",""alexa"",""enabl"",""devic"",""far"",""live"",""reput""]",1
"[""love"",""search"",""alexa"",""skill"",""shop"",""app"",""use"",""thing"",""like"",""alexa"",""turn"",""light"",""listen"",""news"",""updat"",""everi"",""morn"",""fun"",""stuff"",""like"",""tell"",""alexa"",""make"",""star"",""trek"",""red"",""alert"",""noi"",""play"",""song"",""quiz"",""friend""]",1
"[""second"",""dot""]",1
"[""son"",""love""]",1
"[""love"",""compact""]",1
"[""talk"",""play"",""type"",""music"",""want"",""listen"",""even"",""turn"",""ask""]",1
"[""love"",""still"",""learn"",""capabl"",""lot"",""fun""]",1
"[""easi"",""set"",""still"",""tri"",""get"",""connect"",""light"",""bulb"",""smart"",""plug"",""grandkid"",""think"",""alex"",""cool""]",1
"[""love"",""use"",""everyth"",""part"",""daili"",""routin""]",1
"[""alexa"",""program"",""great"",""qualiti"",""best"",""definit"",""louder""]",1
"[""overal"",""like"",""though"",""siri"",""phone"",""need"",""t"",""smart"",""home"",""t"",""intend"",""make"",""one"",""fun"",""use"",""music"",""read"",""audibl"",""book""]",1
"[""alexa"",""pretti"",""basic"",""almost"",""like"",""toy"",""t"",""releas"",""market"",""without"",""proper"",""develop"",""speech"",""recognit"",""fail"",""understand"",""basic"",""american"",""british"",""accent"",""music"",""play"",""veri"",""restrict"",""speech"",""t"",""refin"",""way"",""understand"",""almost"",""human"",""speak"",""link"",""youtub"",""via"",""amazon"",""web"",""servic"",""t"",""work""]",1
"[""set"",""easi""]",1
"[""love""]",1
"[""amaz"",""alarm"",""tell"",""alexa"",""wake"",""particular"",""song"",""love"",""play"",""list"",""music"",""sure"",""t"",""keep"",""prime"",""music"",""will"",""still"",""avail"",""howev"",""love"",""fact"",""amazon"",""gave"",""music"",""free"",""3"",""month"",""given"",""prime"",""free"",""3"",""month"",""well""]",1
"[""love"",""thing"",""play"",""learn""]",1
"[""debat"",""get"",""one"",""happi"",""still"",""explor"",""thank""]",1
"[""find"",""use"",""time"",""keep"",""inform"",""news"",""weather"",""get"",""daili"",""bibl"",""vers"",""play"",""music"",""new"",""skill"",""ad"",""time"",""futur""]",1
"[""love"",""watch"",""wife"",""argu"",""alexa"",""woke"",""one"",""night"",""listen"",""alexa"",""talk"",""cell"",""phone""]",1
"[""gave"",""gift"",""love""]",1
"[""echo"",""dot"",""everyth"",""expect""]",1
"[""love"",""super"",""conveni"",""make"",""life"",""littl"",""easier""]",1
"[""love"",""echo"",""dot"",""mani"",""featur"",""work"",""great"",""thing"",""t"",""like"",""t"",""play"",""imus"",""go"",""pay"",""spotifi"",""amazon"",""music"",""account""]",1
"[""great"",""lot"",""fun""]",1
"[""easi"",""setup"",""alexa"",""need"",""lot"",""train""]",1
"[""third"",""echo"",""dot"",""purchas"",""love"",""product""]",1
"[""like"",""compact"",""structur"",""dot"",""sound"",""littl"",""low""]",1
"[""handi"",""t"",""expect"",""much"",""much"",""dumber"",""assist"",""phone""]",1
"[""easi"",""set"",""use"",""new"",""featur"",""skill"",""ad"",""time""]",1
"[""love"",""product"",""dislik"",""t"",""sync"",""appl"",""music"",""alexa"",""play""]",1
"[""just"",""one"",""week"",""far"",""say"",""blast""]",1
"[""love""]",1
"[""work"",""like"",""charm""]",1
"[""good"",""speaker"",""bedroom"",""offic""]",1
"[""small"",""speaker"",""tin"",""sound"",""great"",""good"",""bluetooth"",""speaker""]",1
"[""fun"",""inform"",""dislik"",""far"",""like"",""conveni""]",1
"[""easi"",""set"",""afford"",""love""]",1
"[""love"",""shut"",""microphon"",""night"",""children"",""t"",""talk"",""bed"",""time"",""automat"",""sleep"",""timer"",""lullabi"",""music"",""sure"",""surviv"",""long""]",1
"[""echo"",""dot"",""relat"",""devic"",""best"",""thing"",""come"",""long"",""time""]",1
"[""sound"",""qualiti"",""t"",""great"",""inexpens""]",1
"[""work"",""great"",""bought"",""shop"",""like"",""intercom"",""hous""]",1
"[""t"",""bad"",""issu"",""actual"",""play"",""want"",""get"",""use"",""iheartradio"",""proper"",""play"",""station"",""want"",""challeng"",""bad"",""sale"",""price"",""paid""]",1
"[""great"",""sound"",""qualiti"",""veri"",""low""]",1
"[""love""]",1
"[""alway"",""easi"",""set""]",1
"[""work"",""ok"",""speaker"",""qualiti"",""much"",""better"",""iphon"",""x"",""spend"",""extra"",""money"",""get"",""full"",""size"",""echo"",""great"",""sound"",""qualiti""]",1
"[""veri"",""intellig"",""love"",""song""]",1
"[""review""]",1
"[""love"",""echo"",""dot"",""price"",""paid"",""prime"",""day"",""compar"",""buy"",""new"",""digit"",""clock"",""bell"",""whistl"",""much"",""play"",""music"",""set"",""alarm"",""call"",""friend"",""play"",""game"",""set"",""timer"",""list"",""goe"",""definit"",""worth"",""money""]",1
"[""easi"",""instal"",""set"",""better"",""sound"",""echo"",""dot"",""smart"",""speaker"",""veri"",""satisifi"",""purchas""]",1
"[""spoil"",""one"",""downstair"",""got"",""one"",""upstair"",""listen"",""music"",""etc"",""walk"",""treadmil""]",1
"[""command"",""alexa"",""requir"",""specif"",""find"",""googl"",""home"",""much"",""flexibl"",""figur"",""ask""]",1
"[""handi"",""hell"",""10"",""10"",""recommend""]",1
"[""still"",""discoveri"",""phase"",""far"",""enjoy"",""smart"",""home"",""featur"",""instal""]",1
"[""total"",""get"",""sens"",""humour""]",1
"[""put"",""one"",""bedroom"",""play"",""music"",""tell"",""us"",""weather"",""also"",""alarm"",""wake"",""us"",""morn"",""better"",""clock"",""radio"",""will"",""play"",""type"",""music"",""want"",""radio"",""station"",""favorit"",""even"",""tell"",""joke"",""t"",""know"",""got"",""along"",""without"",""now"",""amaz""]",1
"[""like"",""echo"",""sure"",""dot"",""use"",""lot"",""music"",""audio"",""book"",""sound"",""qualiti"",""smaller"",""echo"",""nowher"",""near"",""qualiti"",""full"",""size"",""model"",""t"",""decid"",""ll"",""keep""]",1
"[""love"",""got"",""boyfriend"",""birthday"",""kid"",""blast"",""ask"",""alexa"",""kind"",""question"",""tell"",""silli"",""joke"",""love""]",1
"[""better"",""sound""]",1
"[""got"",""2nd"",""echo"",""hous"",""alreadi"",""regular"",""echo"",""echo"",""dot"",""easi"",""set"",""sound"",""enjoy"",""wish"",""just"",""gone"",""anoth"",""regular"",""echo"",""sole"",""base"",""sound""]",1
"[""listen"",""well"",""way"",""expect"",""love""]",1
"[""still"",""test"",""one"",""far"",""like"",""veri"",""hesit"",""put"",""voic"",""activ"",""devic"",""home"",""first"",""unfortun"",""sometim"",""get"",""wifi"",""light"",""bulb"",""mix"",""t"",""turn"",""abl"",""manag"",""fix"",""mean"",""conveni"",""especi"",""unabl"",""reach"",""turn"",""light"",""electron"",""hook"",""dot"",""like"",""play"",""music"",""remind"",""alarm"",""etc"",""just"",""still"",""get"",""use"",""fact"",""man"",""alway"",""listen"",""now""]",1
"[""work"",""great"",""fun"",""play"",""music"",""check"",""weather"",""king"",""question""]",1
"[""small"",""conveni"",""depend"",""dot"",""cuti"",""alexa"",""job"",""ask"",""issu"",""fidel"",""expect"",""small"",""speaker""]",1
"[""alexa"",""perfect"",""peopl"",""like"",""live"",""alon"",""least"",""someon"",""talk"",""keep"",""saniti"",""though"",""wish"",""power"",""speaker"",""need"",""connect"",""bluetooth"",""speaker""]",1
"[""small"",""footprint"",""nice"",""clariti""]",1
"[""easi"",""set""]",1
"[""great"",""addit"",""alexa"",""base"",""use"",""guest"",""bedroom"",""music"",""clock"",""info"",""dot"",""speaker"",""strong"",""base"",""great"",""valu""]",1
"[""alexia"",""built"",""thermostat"",""just"",""t"",""work"",""veri"",""well"",""stand"",""right"",""next"",""hear"",""music"",""play"",""veri"",""choppi"",""decid"",""tri"",""echo"",""dot"",""sinc"",""prime"",""day"",""disappoint"",""hear"",""just"",""fine"",""music"",""play"",""problem"",""realli"",""like"",""bluetooth"",""connect"",""bose"",""speaker"",""qualiti"",""sound""]",1
"[""connect"",""whole"",""home"",""sound"",""system"",""play"",""prime"",""music"",""googl"",""home"",""mini"",""t"",""work"",""well""]",1
"[""much"",""fun"",""play"",""just"",""ask"",""set"",""alarm"",""wake"",""morn"",""goe"",""tell"",""alexa"",""turn"",""alexa"",""learn"",""question"",""ask"",""will"",""play"",""music"",""ask"",""play"",""amazon"",""music"",""domain"",""wake"",""middl"",""night"",""turn"",""light"",""just"",""ask"",""alexa"",""time"",""want"",""current"",""weather"",""tell"",""ask"",""go"",""citi"",""know"",""call"",""friend"",""will"",""dial"",""t"",""use"",""one"",""yet"",""said"",""y"",""contact""]",1
"[""easi"",""set"",""everyth"",""poster"",""despit"",""small"",""size"",""speaker"",""adequ"",""understand"",""instruct"",""across"",""room"",""veri"",""happi"",""purchas""]",1
"[""great"",""product"",""price"",""work"",""well""]",1
"[""perfect"",""home"",""offic""]",1
"[""suppos"",""great"",""product""]",1
"[""love"",""item"",""abl"",""hear"",""kind"",""music"",""enjoy"",""much"",""order"",""anoth""]",1
"[""love"",""dot""]",1
"[""great"",""item"",""glad"",""made"",""purchas"",""prime"",""day""]",1
"[""still"",""learn"",""use"",""figur"",""read"",""kindl"",""book"",""real"",""bonus""]",1
"[""love"",""one"",""bedroom"",""kitchen"",""great"",""drop"",""famili"",""around"",""hous""]",1
"[""far"",""good"",""tech"",""savvi"",""still"",""tri"",""figur"",""easi"",""set"",""far"",""easi"",""use"",""lot"",""app"",""use"",""will"",""play"",""fun""]",1
"[""put"",""awhil"",""final"",""got"",""around"",""buy"",""3"",""home"",""wife"",""legal"",""blind"",""use"",""comput"",""godsend"",""100"",""amazon"",""music"",""now"",""listen"",""music"",""check"",""weather"",""get"",""phone"",""number"",""make"",""call"",""etc"",""etc"",""still"",""learn"",""tell"",""absolut"",""amaz"",""purchas"",""4"",""extend"",""famili"",""grandchildren"",""absolut"",""love"",""play"",""music"",""alexa"",""wifi"",""direct"",""cabl"",""capabl"",""speaker"",""stereo"",""option"",""choos"",""well"",""worth"",""money"",""t"",""regret""]",1
"[""perfect"",""fast"",""shipment"",""packag"",""work"",""intend""]",1
"[""alexa"",""seem"",""get"",""dumber"",""less"",""use"",""time""]",1
"[""love""]",1
"[""addict"",""thing""]",1
"[""love"",""dot"",""hope"",""add"",""coupl"",""around"",""apart"",""reason"",""t"",""give"",""5"",""star"",""wish"",""speaker"",""just"",""littl"",""better"",""know"",""amazon"",""probabl"",""want"",""keep"",""cost"",""item"",""realli"",""like"",""play"",""music"",""around"",""apart"",""busi"",""thing"",""ad"",""speaker"",""just"",""littl"",""wattag"",""bass"",""respons"",""someth"",""great"",""put"",""bathroom"",""kitchen"",""might"",""lot"",""space"",""full"",""size"",""echo"",""will"",""pay"",""10"",""20"",""dollar"",""better"",""speaker"",""oh"",""well"",""still"",""love"",""just"",""go"",""find"",""bluetooth"",""speaker"",""sound"",""good"",""t"",""take"",""whole"",""lot"",""space""]",1
"[""far"",""say"",""love""]",1
"[""love"",""dot"",""easi"",""use"",""two"",""plus"",""echo"",""spot"",""one"",""favorit"",""featur"",""abil"",""listen"",""music"",""amazon"",""iheart"",""radio"",""pandora""]",1
"[""great"",""play"",""music"",""throughout"",""hous"",""great"",""easili"",""fit"",""decor"",""home""]",1
"[""obsess"",""alexa"",""tell"",""weather"",""everi"",""morn"",""play"",""game"",""love"",""guess"",""song"",""one"",""one"",""upstair"",""turn"",""tv"",""downstair"",""cool"",""walk"",""stair"",""alexa"",""will""]",1
"[""work"",""well"",""just"",""disappoint"",""speaker"",""qualiti"",""hook"",""old"",""comput"",""speaker""]",1
"[""easi"",""setup"",""easi"",""use"",""work"",""smart"",""product"",""alway"",""learn""]",1
"[""much"",""fun"",""easi"",""use"",""even"",""four"",""year"",""old"",""love"",""talk"",""alexa""]",1
"[""love"",""new"",""echo"",""dot"",""right"",""now"",""main"",""use"",""play"",""music"",""night"",""get"",""job"",""done""]",1
"[""love"",""thing"",""wish"",""gotten"",""sooner"",""will"",""certain"",""want"",""go"",""set"",""lock"",""kid"",""great"",""addit"",""even"",""unexpect"",""thing"",""like"",""help"",""kid"",""homework"",""load"",""skill"",""veri"",""happi"",""purchas"",""especi"",""sinc"",""got"",""prime"",""day"",""almost"",""half"",""price""]",1
"[""super"",""easi"",""hook"",""program"",""use"",""music"",""featur"",""love"",""set"",""remind"",""phone"",""echo"",""will"",""remind"",""set"",""time"",""great"",""news"",""updat""]",1
"[""work"",""just"",""like"",""dot""]",1
"[""set"",""simpl"",""recogn"",""voic"",""well"",""seam"",""veri"",""intuit"",""enjoy"",""eas"",""use""]",1
"[""hope"",""cord"",""white"",""also"",""otherwis"",""fine""]",1
"[""like"",""abil"",""multipl"",""differ"",""thing"",""like"",""creat"",""list"",""set"",""alarm"",""play"",""song"",""think"",""much"",""wish"",""sound"",""tad"",""louder""]",1
"[""soon"",""still"",""learn""]",1
"[""enjoy"",""still"",""learn"",""command"",""ran"",""one"",""frustrat"",""issu"",""user"",""friend"",""tri"",""set"",""voic"",""recognit"",""household""]",1
"[""love"",""option"",""u"",""play"",""music"",""everywher"",""hous"",""multipl"",""devic""]",1
"[""work"",""great""]",1
"[""like"",""almost"",""everyth""]",1
"[""amaz"",""help"",""becom"",""better"",""organ"",""give"",""traffic"",""updat"",""weather"",""updat"",""help"",""maintain"",""good"",""fast"",""morn"",""routin""]",1
"[""kid"",""love"",""alexa"",""skill"",""amaz"",""like"",""see"",""get"",""littl"",""smarter"",""answer"",""basic"",""question""]",1
"[""great"",""definit"",""get"",""littl"",""old"",""30"",""t"",""realli"",""regret"",""love"",""hook"",""speaker"",""via"",""bluetooth"",""wake"",""smith""]",1
"[""love"",""ad"",""upstair"",""bedroom""]",1
"[""got"",""love"",""alexa"",""everyth"",""around"",""hous""]",1
"[""work"",""great"",""easi"",""set""]",1
"[""3rd"",""echo"",""devic"",""veri"",""easi"",""set"",""work"",""perfect""]",1
"[""easi"",""set"",""start"",""use"",""work"",""advertis""]",1
"[""love"",""littl"",""dot"",""t"",""know"",""origin"",""larger"",""alexa"",""dot"",""pleas"",""dot"",""capabl""]",1
"[""realli"",""like""]",1
"[""work"",""expect"",""fourth"",""one"",""son"",""love"",""room"",""easi"",""set"",""alarm"",""play"",""music""]",1
"[""love""]",1
"[""dislik"",""volum"",""sound"",""loud"",""enough""]",1
"[""love"",""alexa"",""2"",""gave"",""one"",""gift"",""huge"",""hit""]",1
"[""expect""]",1
"[""love"",""technolog"",""older"",""easi"",""set"",""use"",""dot"",""bedroom"",""use"",""everyth"",""use"",""echo"",""live"",""room""]",1
"[""use"",""3rd"",""dot"",""bought"",""husband"",""abl"",""contact"",""someon"",""fall"",""t"",""access"",""phone""]",1
"[""amaz"",""product"",""still"",""learnimg"",""thing""]",1
"[""expect""]",1
"[""friend"",""now""]",1
"[""easier"",""thing""]",1
"[""good"",""devic""]",1
"[""overal"",""love"",""just"",""command"",""t"",""effect"",""may"",""part"",""user"",""error"",""alexa"",""becom"",""accustom"",""ask""]",1
"[""addit"",""alexa"",""base"",""devic"",""make"",""access"",""better"",""part"",""home"",""rather"",""tri"",""shout"",""question"",""instruct"",""hous"",""lol"",""t"",""without"",""alexa"",""varieti"",""function"",""perform""]",1
"[""work"",""great"",""love"",""fact"",""play"",""music"",""group"",""devic""]",1
"[""love"",""just"",""thought"",""addict""]",1
"[""work"",""beauti"",""excel"",""sound""]",1
"[""still"",""learn"",""everyth"",""good"",""room"",""volum"",""pretti"",""good"",""without"",""addit"",""speaker""]",1
"[""neat"",""tool"",""enjoy"",""famili""]",1
"[""easi"",""connect"",""skill"",""creat"",""echo"",""2nd"",""gen"",""work"",""fine"",""dot""]",1
"[""live"",""alon"",""best"",""companion""]",1
"[""easi"",""set"",""connect"",""smart"",""devic"",""just"",""need""]",1
"[""love"",""person"",""prefer"",""spotifi"",""music"",""great"",""abl"",""set"",""default"",""day"",""goe"",""without"",""music"",""home"",""also"",""reason"",""got"",""keep"",""pup"",""calm"",""leav"",""tell"",""alexa"",""play"",""classic"",""music"",""jazz"",""work"",""wonder"",""lot"",""calmer"",""t"",""bark"",""lock"",""door"",""start"",""walk"",""away"",""must""]",1
"[""love"",""work"",""great"",""alexa"",""still"",""problem"",""get"",""better"",""everi"",""day"",""expert"",""think"",""sound"",""qualiti"",""fine"",""perfect"",""good""]",1
"[""second"",""echo"",""purchas"",""price"",""cheap"",""serious"",""think"",""buy"",""2"",""use"",""34"",""alexa"",""34"",""everyth"",""next"",""best"",""thing"",""internet""]",1
"[""love"",""bought"",""one"",""daughter"",""one""]",1
"[""just"",""loud"",""thought"",""go""]",1
"[""enjoy"",""still"",""discov"",""new"",""use""]",1
"[""abl"",""add"",""speaker"",""plus"",""take"",""deck"",""outsid"",""just"",""love"",""big"",""alexia"",""bedroom""]",1
"[""excel"",""devic"",""work"",""great"",""problem"",""concern""]",1
"[""pretti"",""fun"",""nice"",""speaker"",""respond"",""question"",""t"",""understand"",""command"",""time""]",1
"[""like"",""hand"",""free"",""oper"",""vs"",""tap"",""use"",""control"",""smart"",""plug""]",1
"[""dislik"",""confus"",""request"",""time""]",1
"[""love"",""alexa"",""actual"",""3"",""throughout"",""hous"",""favorit"",""function"",""list"",""great"",""time"",""manag"",""cours"",""music""]",1
"[""product"",""easi"",""use"",""veri"",""entertain"",""yet"",""hook"",""tv"",""light"",""look"",""forward""]",1
"[""work"",""great"",""speaker"",""good"",""music"",""will"",""need"",""get"",""bluetooth"",""speaker""]",1
"[""outstand"",""product"",""easi"",""use"",""work"",""great""]",1
"[""six"",""throughout"",""home"",""great"",""time"",""music"",""talk"",""happen"",""random"",""may"",""sensit"",""listen"",""option"",""chang"",""name"",""engag"",""command"",""34"",""alexa"",""34"",""34"",""comput"",""34"",""littl"",""annoy"",""color"",""black"",""white"",""also"",""good"",""thing""]",1
"[""use"",""product"",""music"",""great""]",1
"[""easi"",""set"",""use""]",1
"[""work"",""great""]",1
"[""like"",""alexa"",""devic"",""hous"",""sale"",""price"",""amazon"",""prime"",""day"",""tempt""]",1
"[""phenomen""]",1
"[""love"",""exact"",""say""]",1
"[""use"",""control"",""smart"",""home"",""devic"",""work"",""great""]",1
"[""veri"",""conveni""]",1
"[""est"",""producto"",""llego"",""y"",""la"",""semana"",""se"",""quedo"",""sin"",""olor"",""perdio"",""toda"",""su"",""escencia"",""huel"",""solo"",""alcohol""]",1
"[""easi"",""set"",""readi"",""use"",""minut""]",1
"[""barri""]",1
"[""three"",""year"",""old"",""love"",""good"",""basic"",""household"",""task"",""re"",""go"",""add"",""smart"",""outlet"",""bulb""]",1
"[""awesom"",""devic"",""wish"",""bought"",""one"",""age"",""ago""]",1
"[""love""]",1
"[""perfect"",""kid"",""adult"",""everyon""]",1
"[""listen"",""music"",""search"",""locat"",""check"",""time"",""look"",""weather"",""mani"",""task"",""learn"",""simpl"",""set""]",1
"[""love"",""thing"",""run"",""entir"",""home"",""tv"",""light"",""thermostat"",""front"",""door"",""dead"",""bolt"",""camera"",""love"",""listen"",""npr"",""thing"",""well"",""worth"",""valu"",""realli"",""shine"",""stat"",""ad"",""smart"",""devic"",""control"",""entir"",""home"",""like"",""right"",""star"",""trek"",""name"",""mine"",""comput"",""get"",""feel"",""amaz"",""devic"",""smart"",""system""]",1
"[""complaint"",""sound"",""qualiti"",""t"",""great"",""most"",""use"",""command"",""though"",""anoth"",""dot"",""hook"",""stereo"",""system"",""play"",""music"",""coupl"",""friend"",""dot"",""t"",""mind"",""audio"",""qualiti"",""re"",""bother"",""kind"",""thing"",""go"",""full"",""size"",""echo"",""make"",""sure"",""hook"",""larger"",""speaker""]",1
"[""good""]",1
